<metadata xml:lang="en"><Esri><CreaDate>20210527</CreaDate><CreaTime>14253200</CreaTime><SyncOnce>FALSE</SyncOnce><SyncDate>20240822</SyncDate><SyncTime>11231900</SyncTime><ModDate>20240822</ModDate><ModTime>11231900</ModTime><DataProperties><lineage><Process ToolSource="C:\Program Files\ArcGIS\ArcToolbox\Toolboxes\Data Management Tools.tbx\CopyFeatures" Date="20090805" Time="163403">CopyFeatures C:\GAUL2009\g2009_2008_0\g2008_0.shp \\fns013.fewsnet.local\MapDocs\DataConnectionFiles\fnsdi@fns013_DC_osAuthentication.sde\fnsdi.DBO.World_GAUL2009\fnsdi.DBO.g2008_0 # 0 0 0</Process><Process ToolSource="C:\Program Files\ArcGIS\ArcToolbox\Toolboxes\Data Management Tools.tbx\CopyFeatures" Date="20091228" Time="153431">CopyFeatures \\fns013.fewsnet.local\MapDocs\DataConnectionFiles\fnsdi@fns013_DC_osAuthentication.sde\fnsdi.DBO.World_GAUL2008\fnsdi.DBO.World_Admin0_GAUL2008 C:\00.Maps\fnsdi_DBO_World_Admin0_GAUL2008.shp # 0 0 0</Process><Process ToolSource="C:\Program Files\ArcGIS\ArcToolbox\Toolboxes\Data Management Tools.tbx\CalculateField" Date="20091228" Time="154217">CalculateField World_Admin0_GAUL2008A ADM0_NAME "Tanzania" VB # World_Admin0_GAUL2008A</Process><Process ToolSource="C:\Program Files\ArcGIS\ArcToolbox\Toolboxes\Data Management Tools.tbx\CalculateField" Date="20091228" Time="154404">CalculateField World_Admin0_GAUL2008A ADM0_NAME "Libya" VB # World_Admin0_GAUL2008A</Process><Process ToolSource="C:\Program Files\ArcGIS\ArcToolbox\Toolboxes\Data Management Tools.tbx\CopyFeatures" Date="20091228" Time="163916">CopyFeatures C:\World_Admin0_GAUL2008.shp \\fns013.fewsnet.local\MapDocs\DataConnectionFiles\fnsdi@fns013_DC_osAuthentication.sde\fnsdi.DBO.World_GAUL2008\fnsdi.DBO.World_Admin0_GAUL2008 # 0 0 0</Process><Process ToolSource="C:\Program Files\ArcGIS\ArcToolbox\Toolboxes\Data Management Tools.tbx\Dissolve" Date="20100430" Time="104734">Dissolve fnsdi.DBO.World_Admin0_GAUL2008 C:\00.Maps\ET\World_ET_Admin0_GAUL2008.shp ADM0_CODE;ADM0_NAME # MULTI_PART DISSOLVE_LINES</Process><Process ToolSource="C:\Program Files\ArcGIS\ArcToolbox\Toolboxes\Data Management Tools.tbx\CopyFeatures" Date="20100430" Time="111536">CopyFeatures C:\00.Maps\ET\World_ET_Admin0_GAUL2008.shp \\fns013.fewsnet.local\MapDocs\DataConnectionFiles\fnsdi@fns013_DC_osAuthentication.sde\fnsdi.DBO.Ethiopia\fnsdi.DBO.World_ET_Admin0_GAUL2008 # 0 0 0</Process><Process ToolSource="C:\Program Files\ArcGIS\Desktop10.0\ArcToolbox\Toolboxes\Data Management Tools.tbx\CopyFeatures" Date="20110714" Time="175459">CopyFeatures C:\00.Maps\ET\World_ET_Admin0_GAUL2008.shp \\fns013.fewsnet.local\MapDocs\DataConnectionFiles\fnsdi@fns013_DC_osAuthentication.sde\fnsdi.DBO.Ethiopia\fnsdi.DBO.World_ET_Admin0_GAUL2008 # 0 0 0</Process><Process ToolSource="c:\program files (x86)\arcgis\desktop10.7\ArcToolbox\Toolboxes\Analysis Tools.tbx\Identity" Date="20210528" Time="131041">Identity ET_boundary ET_union "\\172.20.46.209\FEWS Data\04.GIS\Verified Shapefiles\ET\2021_raw\ET_identity.shp" ALL # NO_RELATIONSHIPS</Process><Process ToolSource="c:\program files (x86)\arcgis\desktop10.7\ArcToolbox\Toolboxes\Data Management Tools.tbx\Eliminate" Date="20210607" Time="111850">Eliminate ET_identity "\\172.20.46.209\FEWS Data\04.GIS\Verified Shapefiles\ET\2021_raw\ET_eliminate.shp" LENGTH # #</Process><Process ToolSource="c:\program files (x86)\arcgis\desktop10.7\ArcToolbox\Toolboxes\Data Management Tools.tbx\CalculateField" Date="20210607" Time="113612">CalculateField ET_eliminate ADM3_PCODE !ADM3_PCODE!.replace("ET", "ET2021A3") PYTHON_9.3 #</Process><Process ToolSource="c:\program files (x86)\arcgis\desktop10.7\ArcToolbox\Toolboxes\Data Management Tools.tbx\CalculateField" Date="20210607" Time="114222">CalculateField ET_eliminate ADM2_PCODE !ADM2_PCODE!.replace("ET", "ET2021A2") PYTHON_9.3 #</Process><Process ToolSource="c:\program files (x86)\arcgis\desktop10.7\ArcToolbox\Toolboxes\Data Management Tools.tbx\CalculateField" Date="20210607" Time="114239">CalculateField ET_eliminate ADM1_PCODE !ADM1_PCODE!.replace("ET", "ET2021A1") PYTHON_9.3 #</Process><Process ToolSource="c:\program files (x86)\arcgis\desktop10.7\ArcToolbox\Toolboxes\Data Management Tools.tbx\CalculateField" Date="20210608" Time="003430">CalculateField ET_eliminate FNID [ADM3_PCODE] VB #</Process><Process ToolSource="c:\program files (x86)\arcgis\desktop10.7\ArcToolbox\Toolboxes\Data Management Tools.tbx\CalculateField" Date="20210608" Time="003537">CalculateField ET_eliminate EFF_YEAR 2021 VB #</Process><Process ToolSource="c:\program files (x86)\arcgis\desktop10.7\ArcToolbox\Toolboxes\Data Management Tools.tbx\CalculateField" Date="20210608" Time="003607">CalculateField ET_eliminate COUNTRY Ethiopia VB #</Process><Process ToolSource="c:\program files (x86)\arcgis\desktop10.7\ArcToolbox\Toolboxes\Data Management Tools.tbx\CalculateField" Date="20210608" Time="003622">CalculateField ET_eliminate COUNTRY "Ethiopia" VB #</Process><Process ToolSource="c:\program files (x86)\arcgis\desktop10.7\ArcToolbox\Toolboxes\Data Management Tools.tbx\CalculateField" Date="20210608" Time="003706">CalculateField ET_eliminate COUNTRY "ET" VB #</Process><Process ToolSource="c:\program files (x86)\arcgis\desktop10.7\ArcToolbox\Toolboxes\Data Management Tools.tbx\CalculateField" Date="20210608" Time="003800">CalculateField ET_eliminate ADMIN0 "Ethiopia" VB #</Process><Process ToolSource="c:\program files (x86)\arcgis\desktop10.7\ArcToolbox\Toolboxes\Data Management Tools.tbx\CalculateField" Date="20210608" Time="003826">CalculateField ET_eliminate ADMIN1 [ADM1_EN] VB #</Process><Process ToolSource="c:\program files (x86)\arcgis\desktop10.7\ArcToolbox\Toolboxes\Data Management Tools.tbx\CalculateField" Date="20210608" Time="003850">CalculateField ET_eliminate ADMIN2 [ADM2_EN] VB #</Process><Process ToolSource="c:\program files (x86)\arcgis\desktop10.7\ArcToolbox\Toolboxes\Data Management Tools.tbx\CalculateField" Date="20210608" Time="003918">CalculateField ET_eliminate ADMIN3 [ADM3_EN] VB #</Process><Process ToolSource="c:\program files (x86)\arcgis\desktop10.7\ArcToolbox\Toolboxes\Data Management Tools.tbx\CalculateField" Date="20210608" Time="003952">CalculateField ET_eliminate ALIASES [ADM3ALT1EN] VB #</Process><Process ToolSource="c:\program files (x86)\arcgis\desktop10.7\ArcToolbox\Toolboxes\Data Management Tools.tbx\CalculateField" Date="20210608" Time="005823">CalculateField ET_eliminate DUPS isDuplicate( !FNID!) PYTHON_9.3 "uniqueList = []\ndef isDuplicate(inValue):\n  if inValue in uniqueList:\n    return 1\n  else:\n    uniqueList.append(inValue)\n    return 0\n\n"</Process><Process ToolSource="c:\program files (x86)\arcgis\desktop10.7\ArcToolbox\Toolboxes\Conversion Tools.tbx\FeatureClassToFeatureClass" Date="20210608" Time="011620">FeatureClassToFeatureClass ET_eliminate "\\172.20.46.209\FEWS Data\04.GIS\Verified Shapefiles\ET" ET_Admin3_2021.shp # "FNID "FNID" true true false 50 Text 0 0 ,First,#,ET_eliminate,FNID,-1,-1;EFF_YEAR "EFF_YEAR" true true false 50 Text 0 0 ,First,#,ET_eliminate,EFF_YEAR,-1,-1;COUNTRY "COUNTRY" true true false 50 Text 0 0 ,First,#,ET_eliminate,COUNTRY,-1,-1;ADMIN0 "ADMIN0" true true false 50 Text 0 0 ,First,#,ET_eliminate,ADMIN0,-1,-1;ADMIN1 "ADMIN1" true true false 50 Text 0 0 ,First,#,ET_eliminate,ADMIN1,-1,-1;ADMIN2 "ADMIN2" true true false 50 Text 0 0 ,First,#,ET_eliminate,ADMIN2,-1,-1;ADMIN3 "ADMIN3" true true false 50 Text 0 0 ,First,#,ET_eliminate,ADMIN3,-1,-1;ALIASES "ALIASES" true true false 50 Text 0 0 ,First,#,ET_eliminate,ALIASES,-1,-1" #</Process><Process ToolSource="c:\program files (x86)\arcgis\desktop10.8\ArcToolbox\Toolboxes\Data Management Tools.tbx\CalculateField" Date="20220727" Time="161718">CalculateField ET_Admin3_2021 ADMIN1 "SNNPR" VB #</Process><Process ToolSource="c:\program files\arcgis\pro\Resources\ArcToolbox\toolboxes\Conversion Tools.tbx\ExportFeatures" Date="20221205" Time="142912">ExportFeatures ET_Admin3_2021 "M:\Verified Regional GDBs\EA\EA.gdb\ET\ET_Admin3_2021" # NOT_USE_ALIAS "FNID "FNID" true true false 50 Text 0 0,First,#,ET_Admin3_2021,FNID,0,50;EFF_YEAR "EFF_YEAR" true true false 50 Text 0 0,First,#,ET_Admin3_2021,EFF_YEAR,0,50;COUNTRY "COUNTRY" true true false 50 Text 0 0,First,#,ET_Admin3_2021,COUNTRY,0,50;ADMIN0 "ADMIN0" true true false 50 Text 0 0,First,#,ET_Admin3_2021,ADMIN0,0,50;ADMIN1 "ADMIN1" true true false 50 Text 0 0,First,#,ET_Admin3_2021,ADMIN1,0,50;ADMIN2 "ADMIN2" true true false 50 Text 0 0,First,#,ET_Admin3_2021,ADMIN2,0,50;ADMIN3 "ADMIN3" true true false 50 Text 0 0,First,#,ET_Admin3_2021,ADMIN3,0,50;ALIASES "ALIASES" true true false 50 Text 0 0,First,#,ET_Admin3_2021,ALIASES,0,50" #</Process><Process ToolSource="c:\program files\arcgis\pro\Resources\ArcToolbox\toolboxes\Conversion Tools.tbx\ExportFeatures" Date="20230630" Time="152543">ExportFeatures 2021\ET_Admin3_2021 "M:\Verified Shapefiles\ET\ET_Admin3_2021.shp" # NOT_USE_ALIAS "FNID "FNID" true true false 50 Text 0 0,First,#,2021\ET_Admin3_2021,FNID,0,50;EFF_YEAR "EFF_YEAR" true true false 50 Text 0 0,First,#,2021\ET_Admin3_2021,EFF_YEAR,0,50;COUNTRY "COUNTRY" true true false 50 Text 0 0,First,#,2021\ET_Admin3_2021,COUNTRY,0,50;ADMIN0 "ADMIN0" true true false 50 Text 0 0,First,#,2021\ET_Admin3_2021,ADMIN0,0,50;ADMIN1 "ADMIN1" true true false 50 Text 0 0,First,#,2021\ET_Admin3_2021,ADMIN1,0,50;ADMIN2 "ADMIN2" true true false 50 Text 0 0,First,#,2021\ET_Admin3_2021,ADMIN2,0,50;ADMIN3 "ADMIN3" true true false 50 Text 0 0,First,#,2021\ET_Admin3_2021,ADMIN3,0,50;ALIASES "ALIASES" true true false 50 Text 0 0,First,#,2021\ET_Admin3_2021,ALIASES,0,50;Shape_Length "Shape_Length" false true true 8 Double 0 0,First,#,2021\ET_Admin3_2021,Shape_Length,-1,-1;Shape_Area "Shape_Area" false true true 8 Double 0 0,First,#,2021\ET_Admin3_2021,Shape_Area,-1,-1" #</Process><Process ToolSource="c:\program files\arcgis\pro\Resources\ArcToolbox\toolboxes\Conversion Tools.tbx\ExportFeatures" Date="20230721" Time="113128">ExportFeatures ET_Admin3_2021 "M:\Verified Regional GDBs\EA\EA.gdb\ET\ET_Admin3_2021" # NOT_USE_ALIAS "FNID "FNID" true true false 50 Text 0 0,First,#,ET_Admin3_2021,FNID,0,50;EFF_YEAR "EFF_YEAR" true true false 50 Text 0 0,First,#,ET_Admin3_2021,EFF_YEAR,0,50;COUNTRY "COUNTRY" true true false 50 Text 0 0,First,#,ET_Admin3_2021,COUNTRY,0,50;ADMIN0 "ADMIN0" true true false 50 Text 0 0,First,#,ET_Admin3_2021,ADMIN0,0,50;ADMIN1 "ADMIN1" true true false 50 Text 0 0,First,#,ET_Admin3_2021,ADMIN1,0,50;ADMIN2 "ADMIN2" true true false 50 Text 0 0,First,#,ET_Admin3_2021,ADMIN2,0,50;ADMIN3 "ADMIN3" true true false 50 Text 0 0,First,#,ET_Admin3_2021,ADMIN3,0,50;ALIASES "ALIASES" true true false 50 Text 0 0,First,#,ET_Admin3_2021,ALIASES,0,50;Shape_Leng "Shape_Leng" true true false 19 Double 0 0,First,#,ET_Admin3_2021,Shape_Leng,-1,-1;Shape_Area "Shape_Area" true true false 19 Double 0 0,First,#,ET_Admin3_2021,Shape_Area,-1,-1" #</Process><Process ToolSource="c:\program files\arcgis\pro\Resources\ArcToolbox\toolboxes\Conversion Tools.tbx\ExportFeatures" Date="20230818" Time="143402">ExportFeatures ET_Admin3_2021 C:\Users\bjanocha\Documents\Sandbox\Sandbox.gdb\ET_Admin3_2023 # NOT_USE_ALIAS "FNID "FNID" true true false 50 Text 0 0,First,#,ET_Admin3_2021,FNID,0,50;EFF_YEAR "EFF_YEAR" true true false 50 Text 0 0,First,#,ET_Admin3_2021,EFF_YEAR,0,50;COUNTRY "COUNTRY" true true false 50 Text 0 0,First,#,ET_Admin3_2021,COUNTRY,0,50;ADMIN0 "ADMIN0" true true false 50 Text 0 0,First,#,ET_Admin3_2021,ADMIN0,0,50;ADMIN1 "ADMIN1" true true false 50 Text 0 0,First,#,ET_Admin3_2021,ADMIN1,0,50;ADMIN2 "ADMIN2" true true false 50 Text 0 0,First,#,ET_Admin3_2021,ADMIN2,0,50;ADMIN3 "ADMIN3" true true false 50 Text 0 0,First,#,ET_Admin3_2021,ADMIN3,0,50;ALIASES "ALIASES" true true false 50 Text 0 0,First,#,ET_Admin3_2021,ALIASES,0,50;Shape_Leng "Shape_Leng" true true false 8 Double 0 0,First,#,ET_Admin3_2021,Shape_Leng,-1,-1;Shape_Length "Shape_Length" false true true 8 Double 0 0,First,#,ET_Admin3_2021,Shape_Length,-1,-1;Shape_Area "Shape_Area" false true true 8 Double 0 0,First,#,ET_Admin3_2021,Shape_Area,-1,-1" #</Process><Process ToolSource="c:\program files\arcgis\pro\Resources\ArcToolbox\toolboxes\Data Management Tools.tbx\CalculateField" Date="20230818" Time="143746">CalculateField ET_Admin3_2023 ADMIN1 ""South West Ethiopia Peoples' Region"" "Python 3" # Text NO_ENFORCE_DOMAINS</Process><Process ToolSource="c:\program files\arcgis\pro\Resources\ArcToolbox\toolboxes\Data Management Tools.tbx\CalculateField" Date="20230818" Time="143851">CalculateField ET_Admin3_2023 EFF_YEAR 2023 "Python 3" # Text NO_ENFORCE_DOMAINS</Process><Process ToolSource="c:\program files\arcgis\pro\Resources\ArcToolbox\toolboxes\Data Management Tools.tbx\CalculateField" Date="20230829" Time="125858">CalculateField ET_Admin3_2023 ADMIN2 "Bench Sheko" "Python 3" # Text NO_ENFORCE_DOMAINS</Process><Process ToolSource="c:\program files\arcgis\pro\Resources\ArcToolbox\toolboxes\Data Management Tools.tbx\DeleteField" Date="20230913" Time="135732">DeleteField ET_Admin3_2023 Shape_Leng "Delete Fields"</Process><Process ToolSource="c:\program files\arcgis\pro\Resources\ArcToolbox\toolboxes\Data Management Tools.tbx\CalculateField" Date="20230913" Time="151530">CalculateField ET_Admin3_2023 ADMIN1 "South West Region" "Python 3" # Text NO_ENFORCE_DOMAINS</Process><Process ToolSource="c:\program files\arcgis\pro\Resources\ArcToolbox\toolboxes\Data Management Tools.tbx\CopyFeatures" Date="20231017" Time="101947">CopyFeatures C:\Users\bjanocha\Documents\Sandbox\Sandbox.gdb\ET_Admin3_2023 "M:\00. Chemonics Internal Archive\Boundary Processing\ET\ET.gdb\ET_Admin3_2023" # # # #</Process><Process ToolSource="c:\program files\arcgis\pro\Resources\ArcToolbox\toolboxes\Data Management Tools.tbx\UpdateSchema" Date="20231017" Time="152733">UpdateSchema "CIMDATA=&lt;CIMStandardDataConnection xsi:type='typens:CIMStandardDataConnection' xmlns:xsi='http://www.w3.org/2001/XMLSchema-instance' xmlns:xs='http://www.w3.org/2001/XMLSchema' xmlns:typens='http://www.esri.com/schemas/ArcGIS/3.1.0'&gt;&lt;WorkspaceConnectionString&gt;DATABASE=M:\00. Chemonics Internal Archive\Boundary Processing\ET\ET.gdb&lt;/WorkspaceConnectionString&gt;&lt;WorkspaceFactory&gt;FileGDB&lt;/WorkspaceFactory&gt;&lt;Dataset&gt;ET_Admin3_2023&lt;/Dataset&gt;&lt;DatasetType&gt;esriDTFeatureClass&lt;/DatasetType&gt;&lt;/CIMStandardDataConnection&gt;" &lt;operationSequence&gt;&lt;workflow&gt;&lt;AddField&gt;&lt;field_name&gt;FNID_A2&lt;/field_name&gt;&lt;field_type&gt;TEXT&lt;/field_type&gt;&lt;field_length&gt;255&lt;/field_length&gt;&lt;field_is_nullable&gt;True&lt;/field_is_nullable&gt;&lt;field_is_required&gt;False&lt;/field_is_required&gt;&lt;/AddField&gt;&lt;/workflow&gt;&lt;/operationSequence&gt;</Process><Process ToolSource="c:\program files\arcgis\pro\Resources\ArcToolbox\toolboxes\Data Management Tools.tbx\CalculateField" Date="20231017" Time="152859">CalculateField ET_Admin3_2023 FNID_A2 !FNID![:-2] "Python 3" # Text NO_ENFORCE_DOMAINS</Process><Process ToolSource="c:\program files\arcgis\pro\Resources\ArcToolbox\toolboxes\Analysis Tools.tbx\PairwiseDissolve" Date="20231017" Time="153203">PairwiseDissolve ET_Admin3_2023 "M:\00. Chemonics Internal Archive\Boundary Processing\ET\ET.gdb\ET_Admin2_2023" FNID_A2;EFF_YEAR;COUNTRY;ADMIN0;ADMIN1;ADMIN2 # MULTI_PART #</Process><Process ToolSource="c:\program files\arcgis\pro\Resources\ArcToolbox\toolboxes\Data Management Tools.tbx\UpdateSchema" Date="20231017" Time="161619">UpdateSchema "CIMDATA=&lt;CIMStandardDataConnection xsi:type='typens:CIMStandardDataConnection' xmlns:xsi='http://www.w3.org/2001/XMLSchema-instance' xmlns:xs='http://www.w3.org/2001/XMLSchema' xmlns:typens='http://www.esri.com/schemas/ArcGIS/3.1.0'&gt;&lt;WorkspaceConnectionString&gt;DATABASE=M:\00. Chemonics Internal Archive\Boundary Processing\ET\ET.gdb&lt;/WorkspaceConnectionString&gt;&lt;WorkspaceFactory&gt;FileGDB&lt;/WorkspaceFactory&gt;&lt;Dataset&gt;ET_Admin2_2023&lt;/Dataset&gt;&lt;DatasetType&gt;esriDTFeatureClass&lt;/DatasetType&gt;&lt;/CIMStandardDataConnection&gt;" &lt;operationSequence&gt;&lt;workflow&gt;&lt;AlterField&gt;&lt;field_name&gt;FNID_A2&lt;/field_name&gt;&lt;new_field_name&gt;FNID&lt;/new_field_name&gt;&lt;field_type&gt;TEXT&lt;/field_type&gt;&lt;field_length&gt;50&lt;/field_length&gt;&lt;field_is_nullable&gt;True&lt;/field_is_nullable&gt;&lt;clear_field_alias&gt;False&lt;/clear_field_alias&gt;&lt;/AlterField&gt;&lt;/workflow&gt;&lt;/operationSequence&gt;</Process><Process ToolSource="c:\program files\arcgis\pro\Resources\ArcToolbox\toolboxes\Data Management Tools.tbx\UpdateSchema" Date="20231017" Time="162055">UpdateSchema "CIMDATA=&lt;CIMStandardDataConnection xsi:type='typens:CIMStandardDataConnection' xmlns:xsi='http://www.w3.org/2001/XMLSchema-instance' xmlns:xs='http://www.w3.org/2001/XMLSchema' xmlns:typens='http://www.esri.com/schemas/ArcGIS/3.1.0'&gt;&lt;WorkspaceConnectionString&gt;DATABASE=M:\00. Chemonics Internal Archive\Boundary Processing\ET\ET.gdb&lt;/WorkspaceConnectionString&gt;&lt;WorkspaceFactory&gt;FileGDB&lt;/WorkspaceFactory&gt;&lt;Dataset&gt;ET_Admin2_2023&lt;/Dataset&gt;&lt;DatasetType&gt;esriDTFeatureClass&lt;/DatasetType&gt;&lt;/CIMStandardDataConnection&gt;" &lt;operationSequence&gt;&lt;workflow&gt;&lt;AlterField&gt;&lt;field_name&gt;FNID_A2&lt;/field_name&gt;&lt;new_field_name&gt;FNID&lt;/new_field_name&gt;&lt;field_type&gt;TEXT&lt;/field_type&gt;&lt;field_length&gt;50&lt;/field_length&gt;&lt;field_is_nullable&gt;True&lt;/field_is_nullable&gt;&lt;clear_field_alias&gt;False&lt;/clear_field_alias&gt;&lt;/AlterField&gt;&lt;/workflow&gt;&lt;/operationSequence&gt;</Process><Process ToolSource="c:\program files\arcgis\pro\Resources\ArcToolbox\toolboxes\Data Management Tools.tbx\UpdateSchema" Date="20231017" Time="162116">UpdateSchema "CIMDATA=&lt;CIMStandardDataConnection xsi:type='typens:CIMStandardDataConnection' xmlns:xsi='http://www.w3.org/2001/XMLSchema-instance' xmlns:xs='http://www.w3.org/2001/XMLSchema' xmlns:typens='http://www.esri.com/schemas/ArcGIS/3.1.0'&gt;&lt;WorkspaceConnectionString&gt;DATABASE=M:\00. Chemonics Internal Archive\Boundary Processing\ET\ET.gdb&lt;/WorkspaceConnectionString&gt;&lt;WorkspaceFactory&gt;FileGDB&lt;/WorkspaceFactory&gt;&lt;Dataset&gt;ET_Admin2_2023&lt;/Dataset&gt;&lt;DatasetType&gt;esriDTFeatureClass&lt;/DatasetType&gt;&lt;/CIMStandardDataConnection&gt;" &lt;operationSequence&gt;&lt;workflow&gt;&lt;AlterField&gt;&lt;field_name&gt;FNID_A2&lt;/field_name&gt;&lt;new_field_name&gt;FNID&lt;/new_field_name&gt;&lt;field_type&gt;TEXT&lt;/field_type&gt;&lt;field_length&gt;50&lt;/field_length&gt;&lt;field_is_nullable&gt;True&lt;/field_is_nullable&gt;&lt;clear_field_alias&gt;False&lt;/clear_field_alias&gt;&lt;/AlterField&gt;&lt;/workflow&gt;&lt;/operationSequence&gt;</Process><Process ToolSource="c:\program files\arcgis\pro\Resources\ArcToolbox\toolboxes\Data Management Tools.tbx\UpdateSchema" Date="20231017" Time="162514">UpdateSchema "CIMDATA=&lt;CIMStandardDataConnection xsi:type='typens:CIMStandardDataConnection' xmlns:xsi='http://www.w3.org/2001/XMLSchema-instance' xmlns:xs='http://www.w3.org/2001/XMLSchema' xmlns:typens='http://www.esri.com/schemas/ArcGIS/3.1.0'&gt;&lt;WorkspaceConnectionString&gt;DATABASE=M:\00. Chemonics Internal Archive\Boundary Processing\ET\ET.gdb&lt;/WorkspaceConnectionString&gt;&lt;WorkspaceFactory&gt;FileGDB&lt;/WorkspaceFactory&gt;&lt;Dataset&gt;ET_Admin2_2023&lt;/Dataset&gt;&lt;DatasetType&gt;esriDTFeatureClass&lt;/DatasetType&gt;&lt;/CIMStandardDataConnection&gt;" &lt;operationSequence&gt;&lt;workflow&gt;&lt;AlterField&gt;&lt;field_name&gt;FNID_A2&lt;/field_name&gt;&lt;new_field_name&gt;FNID&lt;/new_field_name&gt;&lt;field_type&gt;TEXT&lt;/field_type&gt;&lt;field_length&gt;50&lt;/field_length&gt;&lt;field_is_nullable&gt;True&lt;/field_is_nullable&gt;&lt;clear_field_alias&gt;False&lt;/clear_field_alias&gt;&lt;/AlterField&gt;&lt;/workflow&gt;&lt;/operationSequence&gt;</Process><Process ToolSource="c:\program files\arcgis\pro\Resources\ArcToolbox\toolboxes\Data Management Tools.tbx\UpdateSchema" Date="20231017" Time="162606">UpdateSchema "CIMDATA=&lt;CIMStandardDataConnection xsi:type='typens:CIMStandardDataConnection' xmlns:xsi='http://www.w3.org/2001/XMLSchema-instance' xmlns:xs='http://www.w3.org/2001/XMLSchema' xmlns:typens='http://www.esri.com/schemas/ArcGIS/3.1.0'&gt;&lt;WorkspaceConnectionString&gt;DATABASE=M:\00. Chemonics Internal Archive\Boundary Processing\ET\ET.gdb&lt;/WorkspaceConnectionString&gt;&lt;WorkspaceFactory&gt;FileGDB&lt;/WorkspaceFactory&gt;&lt;Dataset&gt;ET_Admin2_2023&lt;/Dataset&gt;&lt;DatasetType&gt;esriDTFeatureClass&lt;/DatasetType&gt;&lt;/CIMStandardDataConnection&gt;" &lt;operationSequence&gt;&lt;workflow&gt;&lt;AddField&gt;&lt;field_name&gt;FNID&lt;/field_name&gt;&lt;field_type&gt;TEXT&lt;/field_type&gt;&lt;field_length&gt;50&lt;/field_length&gt;&lt;field_is_nullable&gt;True&lt;/field_is_nullable&gt;&lt;field_is_required&gt;False&lt;/field_is_required&gt;&lt;/AddField&gt;&lt;/workflow&gt;&lt;/operationSequence&gt;</Process><Process ToolSource="c:\program files\arcgis\pro\Resources\ArcToolbox\toolboxes\Data Management Tools.tbx\CalculateField" Date="20231017" Time="162641">CalculateField ET_Admin2_2023 FNID !FNID_A2! "Python 3" # Text NO_ENFORCE_DOMAINS</Process><Process ToolSource="c:\program files\arcgis\pro\Resources\ArcToolbox\toolboxes\Data Management Tools.tbx\UpdateSchema" Date="20231017" Time="162714">UpdateSchema "CIMDATA=&lt;CIMStandardDataConnection xsi:type='typens:CIMStandardDataConnection' xmlns:xsi='http://www.w3.org/2001/XMLSchema-instance' xmlns:xs='http://www.w3.org/2001/XMLSchema' xmlns:typens='http://www.esri.com/schemas/ArcGIS/3.1.0'&gt;&lt;WorkspaceConnectionString&gt;DATABASE=M:\00. Chemonics Internal Archive\Boundary Processing\ET\ET.gdb&lt;/WorkspaceConnectionString&gt;&lt;WorkspaceFactory&gt;FileGDB&lt;/WorkspaceFactory&gt;&lt;Dataset&gt;ET_Admin2_2023&lt;/Dataset&gt;&lt;DatasetType&gt;esriDTFeatureClass&lt;/DatasetType&gt;&lt;/CIMStandardDataConnection&gt;" &lt;operationSequence&gt;&lt;workflow&gt;&lt;DeleteField&gt;&lt;field_name&gt;FNID_A2&lt;/field_name&gt;&lt;/DeleteField&gt;&lt;/workflow&gt;&lt;/operationSequence&gt;</Process><Process ToolSource="c:\program files\arcgis\pro\Resources\ArcToolbox\toolboxes\Data Management Tools.tbx\UpdateSchema" Date="20231017" Time="162825">UpdateSchema "CIMDATA=&lt;CIMStandardDataConnection xsi:type='typens:CIMStandardDataConnection' xmlns:xsi='http://www.w3.org/2001/XMLSchema-instance' xmlns:xs='http://www.w3.org/2001/XMLSchema' xmlns:typens='http://www.esri.com/schemas/ArcGIS/3.1.0'&gt;&lt;WorkspaceConnectionString&gt;DATABASE=M:\00. Chemonics Internal Archive\Boundary Processing\ET\ET.gdb&lt;/WorkspaceConnectionString&gt;&lt;WorkspaceFactory&gt;FileGDB&lt;/WorkspaceFactory&gt;&lt;Dataset&gt;ET_Admin2_2023&lt;/Dataset&gt;&lt;DatasetType&gt;esriDTFeatureClass&lt;/DatasetType&gt;&lt;/CIMStandardDataConnection&gt;" &lt;operationSequence&gt;&lt;workflow&gt;&lt;AddField&gt;&lt;field_name&gt;FNID_A1&lt;/field_name&gt;&lt;field_type&gt;TEXT&lt;/field_type&gt;&lt;field_length&gt;50&lt;/field_length&gt;&lt;field_is_nullable&gt;True&lt;/field_is_nullable&gt;&lt;field_is_required&gt;False&lt;/field_is_required&gt;&lt;/AddField&gt;&lt;/workflow&gt;&lt;/operationSequence&gt;</Process><Process ToolSource="c:\program files\arcgis\pro\Resources\ArcToolbox\toolboxes\Data Management Tools.tbx\CalculateField" Date="20231017" Time="163125">CalculateField ET_Admin2_2023 FNID_A1 !FNID![:-2] "Python 3" # Text NO_ENFORCE_DOMAINS</Process><Process ToolSource="c:\program files\arcgis\pro\Resources\ArcToolbox\toolboxes\Data Management Tools.tbx\DeleteField" Date="20231017" Time="164640">DeleteField ET_Admin2_2023 FNID_A1 "Delete Fields"</Process><Process ToolSource="c:\program files\arcgis\pro\Resources\ArcToolbox\toolboxes\Data Management Tools.tbx\UpdateSchema" Date="20231017" Time="164804">UpdateSchema "CIMDATA=&lt;CIMStandardDataConnection xsi:type='typens:CIMStandardDataConnection' xmlns:xsi='http://www.w3.org/2001/XMLSchema-instance' xmlns:xs='http://www.w3.org/2001/XMLSchema' xmlns:typens='http://www.esri.com/schemas/ArcGIS/3.1.0'&gt;&lt;WorkspaceConnectionString&gt;DATABASE=M:\00. Chemonics Internal Archive\Boundary Processing\ET\ET.gdb&lt;/WorkspaceConnectionString&gt;&lt;WorkspaceFactory&gt;FileGDB&lt;/WorkspaceFactory&gt;&lt;Dataset&gt;ET_Admin2_2023&lt;/Dataset&gt;&lt;DatasetType&gt;esriDTFeatureClass&lt;/DatasetType&gt;&lt;/CIMStandardDataConnection&gt;" &lt;operationSequence&gt;&lt;workflow&gt;&lt;AddField&gt;&lt;field_name&gt;ALIASES&lt;/field_name&gt;&lt;field_type&gt;TEXT&lt;/field_type&gt;&lt;field_length&gt;50&lt;/field_length&gt;&lt;field_is_nullable&gt;True&lt;/field_is_nullable&gt;&lt;field_is_required&gt;False&lt;/field_is_required&gt;&lt;/AddField&gt;&lt;/workflow&gt;&lt;/operationSequence&gt;</Process><Process ToolSource="c:\program files\arcgis\pro\Resources\ArcToolbox\toolboxes\Data Management Tools.tbx\CalculateField" Date="20231017" Time="164850">CalculateField ET_Admin2_2023 ALIASES " " "Python 3" # Text NO_ENFORCE_DOMAINS</Process><Process ToolSource="c:\program files\arcgis\pro\Resources\ArcToolbox\toolboxes\Analysis Tools.tbx\PairwiseDissolve" Date="20231017" Time="165137">PairwiseDissolve ET_Admin2_2023 "M:\00. Chemonics Internal Archive\Boundary Processing\ET\ET.gdb\ET_Admin0_2023" EFF_YEAR;COUNTRY;ADMIN0 # MULTI_PART #</Process><Process ToolSource="c:\program files\arcgis\pro\Resources\ArcToolbox\toolboxes\Data Management Tools.tbx\UpdateSchema" Date="20231017" Time="165318">UpdateSchema "CIMDATA=&lt;CIMStandardDataConnection xsi:type='typens:CIMStandardDataConnection' xmlns:xsi='http://www.w3.org/2001/XMLSchema-instance' xmlns:xs='http://www.w3.org/2001/XMLSchema' xmlns:typens='http://www.esri.com/schemas/ArcGIS/3.1.0'&gt;&lt;WorkspaceConnectionString&gt;DATABASE=M:\00. Chemonics Internal Archive\Boundary Processing\ET\ET.gdb&lt;/WorkspaceConnectionString&gt;&lt;WorkspaceFactory&gt;FileGDB&lt;/WorkspaceFactory&gt;&lt;Dataset&gt;ET_Admin0_2023&lt;/Dataset&gt;&lt;DatasetType&gt;esriDTFeatureClass&lt;/DatasetType&gt;&lt;/CIMStandardDataConnection&gt;" &lt;operationSequence&gt;&lt;workflow&gt;&lt;AddField&gt;&lt;field_name&gt;FNID&lt;/field_name&gt;&lt;field_type&gt;TEXT&lt;/field_type&gt;&lt;field_length&gt;50&lt;/field_length&gt;&lt;field_is_nullable&gt;True&lt;/field_is_nullable&gt;&lt;field_is_required&gt;False&lt;/field_is_required&gt;&lt;/AddField&gt;&lt;/workflow&gt;&lt;/operationSequence&gt;</Process><Process ToolSource="c:\program files\arcgis\pro\Resources\ArcToolbox\toolboxes\Conversion Tools.tbx\ExportFeatures" Date="20231018" Time="104816">ExportFeatures ET_Admin0_2023 "M:\Verified Shapefiles\ET\ET_Admin0_2023.shp" # NOT_USE_ALIAS "FNID "FNID" true true false 50 Text 0 0,First,#,ET_Admin0_2023,FNID,0,50;EFF_YEAR "EFF_YEAR" true true false 50 Text 0 0,First,#,ET_Admin0_2023,EFF_YEAR,0,50;COUNTRY "COUNTRY" true true false 50 Text 0 0,First,#,ET_Admin0_2023,COUNTRY,0,50;ADMIN0 "ADMIN0" true true false 50 Text 0 0,First,#,ET_Admin0_2023,ADMIN0,0,50;Shape_Length "Shape_Length" false true true 8 Double 0 0,First,#,ET_Admin0_2023,Shape_Length,-1,-1;Shape_Area "Shape_Area" false true true 8 Double 0 0,First,#,ET_Admin0_2023,Shape_Area,-1,-1" #</Process><Process ToolSource="c:\program files\arcgis\pro\Resources\ArcToolbox\toolboxes\Data Management Tools.tbx\Rename" Date="20240822" Time="111646">Rename "M:\00. Chemonics Internal Archive\Boundary Processing\ET\Alignment\ET_Admin_2023\ET_Admin0_2023.shp" "M:\00. Chemonics Internal Archive\Boundary Processing\ET\Alignment\ET_Admin_2023\Raw_Admin0_2023.shp" ShapeFile</Process><Process ToolSource="c:\program files\arcgis\pro\Resources\ArcToolbox\toolboxes\Analysis Tools.tbx\PairwiseClip" Date="20240822" Time="112320">PairwiseClip Raw_Admin0_2023 World_Admin0_GAUL2008_2024 "M:\00. Chemonics Internal Archive\Boundary Processing\ET\Alignment\ET_Admin_2023\ET_Admin0_2023.shp" #</Process></lineage><itemProps><itemName Sync="TRUE">ET_Admin0_2023</itemName><imsContentType Sync="TRUE">002</imsContentType><itemLocation><linkage Sync="TRUE">file://\\chq-fewsnetsrv.chemonics.net\Mapfiles\00. Chemonics Internal Archive\Boundary Processing\ET\Alignment\ET_Admin_2023\ET_Admin0_2023.shp</linkage><protocol Sync="TRUE">Local Area Network</protocol></itemLocation><itemSize Sync="TRUE">0.000</itemSize><nativeExtBox><westBL Sync="TRUE">-180.000000</westBL><eastBL Sync="TRUE">180.000000</eastBL><southBL Sync="TRUE">-89.900002</southBL><northBL Sync="TRUE">83.627419</northBL><exTypeCode Sync="TRUE">1</exTypeCode></nativeExtBox></itemProps><coordRef><type Sync="TRUE">Geographic</type><geogcsn Sync="TRUE">GCS_WGS_1984</geogcsn><peXml Sync="TRUE">&lt;GeographicCoordinateSystem xsi:type='typens:GeographicCoordinateSystem' xmlns:xsi='http://www.w3.org/2001/XMLSchema-instance' xmlns:xs='http://www.w3.org/2001/XMLSchema' xmlns:typens='http://www.esri.com/schemas/ArcGIS/3.2.0'&gt;&lt;WKT&gt;GEOGCS[&amp;quot;GCS_WGS_1984&amp;quot;,DATUM[&amp;quot;D_WGS_1984&amp;quot;,SPHEROID[&amp;quot;WGS_1984&amp;quot;,6378137.0,298.257223563]],PRIMEM[&amp;quot;Greenwich&amp;quot;,0.0],UNIT[&amp;quot;Degree&amp;quot;,0.0174532925199433],AUTHORITY[&amp;quot;EPSG&amp;quot;,4326]]&lt;/WKT&gt;&lt;XOrigin&gt;-400&lt;/XOrigin&gt;&lt;YOrigin&gt;-400&lt;/YOrigin&gt;&lt;XYScale&gt;11258999068426.238&lt;/XYScale&gt;&lt;ZOrigin&gt;-100000&lt;/ZOrigin&gt;&lt;ZScale&gt;10000&lt;/ZScale&gt;&lt;MOrigin&gt;-100000&lt;/MOrigin&gt;&lt;MScale&gt;10000&lt;/MScale&gt;&lt;XYTolerance&gt;8.983152841195215e-09&lt;/XYTolerance&gt;&lt;ZTolerance&gt;0.001&lt;/ZTolerance&gt;&lt;MTolerance&gt;0.001&lt;/MTolerance&gt;&lt;HighPrecision&gt;true&lt;/HighPrecision&gt;&lt;LeftLongitude&gt;-180&lt;/LeftLongitude&gt;&lt;WKID&gt;4326&lt;/WKID&gt;&lt;LatestWKID&gt;4326&lt;/LatestWKID&gt;&lt;/GeographicCoordinateSystem&gt;</peXml><csUnits Sync="TRUE">Angular Unit: Degree (0.017453)</csUnits></coordRef><copyHistory><copy source="M:\GDB\World_ET_Admin0_GAUL2008" dest="\\apollo.fewsnet.local\Mapfiles\Verified Shapefiles\World\World_ET_Admin0_GAUL2008" date="20160205" time="09452000"></copy></copyHistory></DataProperties><ArcGISFormat>1.0</ArcGISFormat></Esri><idinfo><native Sync="TRUE">Microsoft Windows XP Version 5.1 (Build 2600) Service Pack 3; ESRI ArcCatalog 9.3.1.1850</native><descript><langdata Sync="TRUE">en</langdata><abstract>REQUIRED: A brief narrative summary of the data set.</abstract><purpose>REQUIRED: A summary of the intentions with which the data set was developed.</purpose></descript><citation><citeinfo><origin>REQUIRED: The name of an organization or individual that developed the data set.</origin><pubdate>REQUIRED: The date when the data set is published or otherwise made available for release.</pubdate><title Sync="TRUE">fnsdi.DBO.World_ET_Admin0_GAUL2008</title><ftname Sync="TRUE">fnsdi.DBO.World_ET_Admin0_GAUL2008</ftname><geoform Sync="TRUE">vector digital data</geoform><onlink Sync="TRUE">Server=fns013; Service=sde:sqlserver:fns013.fewsnet.local; Database=fnsdi; Version=dbo.DEFAULT</onlink></citeinfo></citation><timeperd><current>REQUIRED: The basis on which the time period of content information is determined.</current><timeinfo><sngdate><caldate>REQUIRED: The year (and optionally month, or month and day) for which the data set corresponds to the ground.</caldate></sngdate></timeinfo></timeperd><status><progress>REQUIRED: The state of the data set.</progress><update>REQUIRED: The frequency with which changes and additions are made to the data set after the initial data set is completed.</update></status><spdom><bounding><westbc Sync="TRUE">REQUIRED: Western-most coordinate of the limit of coverage expressed in longitude.</westbc><eastbc Sync="TRUE">REQUIRED: Eastern-most coordinate of the limit of coverage expressed in longitude.</eastbc><northbc Sync="TRUE">REQUIRED: Northern-most coordinate of the limit of coverage expressed in latitude.</northbc><southbc Sync="TRUE">REQUIRED: Southern-most coordinate of the limit of coverage expressed in latitude.</southbc></bounding></spdom><keywords><theme><themekt>REQUIRED: Reference to a formally registered thesaurus or a similar authoritative source of theme keywords.</themekt><themekey>REQUIRED: Common-use word or phrase used to describe the subject of the data set.</themekey></theme></keywords><accconst>REQUIRED: Restrictions and legal prerequisites for accessing the data set.</accconst><useconst>REQUIRED: Restrictions and legal prerequisites for using the data set after access is granted.</useconst><natvform Sync="TRUE">SDE Feature Class</natvform></idinfo><dataIdInfo><envirDesc Sync="TRUE">Microsoft Windows 10 Version 10.0 (Build 19045) ; Esri ArcGIS 13.2.2.49743</envirDesc><dataLang><languageCode Sync="TRUE" value="eng" country="US"/><countryCode value="USA" Sync="TRUE"></countryCode></dataLang><idCitation><resTitle Sync="TRUE">ET_Admin0_2023</resTitle><presForm><PresFormCd Sync="TRUE" value="005"/></presForm></idCitation><spatRpType><SpatRepTypCd Sync="TRUE" value="001"/></spatRpType><descKeys><thesaName uuidref="723f6998-058e-11dc-8314-0800200c9a66"/><keyword Sync="TRUE">002</keyword></descKeys><dataExt><geoEle><GeoBndBox esriExtentType="search"><exTypeCode Sync="TRUE">1</exTypeCode><westBL Sync="TRUE">-180.000000</westBL><eastBL Sync="TRUE">180.000000</eastBL><northBL Sync="TRUE">83.627419</northBL><southBL Sync="TRUE">-89.900002</southBL></GeoBndBox></geoEle></dataExt></dataIdInfo><metainfo><langmeta Sync="TRUE">en</langmeta><metstdn Sync="TRUE">FGDC Content Standards for Digital Geospatial Metadata</metstdn><metstdv Sync="TRUE">FGDC-STD-001-1998</metstdv><mettc Sync="TRUE">local time</mettc><metc><cntinfo><cntorgp><cntper>REQUIRED: The person responsible for the metadata information.</cntper><cntorg>REQUIRED: The organization responsible for the metadata information.</cntorg></cntorgp><cntaddr><addrtype>REQUIRED: The mailing and/or physical address for the organization or individual.</addrtype><city>REQUIRED: The city of the address.</city><state>REQUIRED: The state or province of the address.</state><postal>REQUIRED: The ZIP or other postal code of the address.</postal></cntaddr><cntvoice>REQUIRED: The telephone number by which individuals can speak to the organization or individual.</cntvoice></cntinfo></metc><metd Sync="TRUE">20100430</metd></metainfo><mdLang><languageCode Sync="TRUE" value="eng"/><countryCode value="USA" Sync="TRUE"></countryCode></mdLang><mdStanName Sync="TRUE">ISO 19115 Geographic Information - Metadata</mdStanName><mdStanVer Sync="TRUE">DIS_ESRI1.0</mdStanVer><mdChar><CharSetCd Sync="TRUE" value="004"/></mdChar><mdHrLv><ScopeCd Sync="TRUE" value="005"/></mdHrLv><mdHrLvName Sync="TRUE">dataset</mdHrLvName><distinfo><resdesc Sync="TRUE">Downloadable Data</resdesc><stdorder><digform><digtinfo><transize Sync="TRUE">0.000</transize><dssize Sync="TRUE">0.000</dssize></digtinfo></digform></stdorder></distinfo><distInfo><distributor><distorTran><onLineSrc><orDesc Sync="TRUE">002</orDesc><linkage Sync="TRUE">Server=fns013; Service=sde:sqlserver:fns013.fewsnet.local; Database=fnsdi; Version=dbo.DEFAULT</linkage><protocol Sync="TRUE">ArcSDE Connection</protocol></onLineSrc><transSize Sync="TRUE">0.000</transSize></distorTran><distorFormat><formatName Sync="TRUE">SDE Feature Class</formatName></distorFormat></distributor><distFormat><formatName Sync="TRUE">Shapefile</formatName></distFormat><distTranOps><transSize Sync="TRUE">0.000</transSize></distTranOps></distInfo><spdoinfo><direct Sync="TRUE">Vector</direct><ptvctinf><esriterm Name="ET_Admin0_2023"><efeatyp Sync="TRUE">Simple</efeatyp><efeageom code="4" Sync="TRUE"></efeageom><esritopo Sync="TRUE">FALSE</esritopo><efeacnt Sync="TRUE">0</efeacnt><spindex Sync="TRUE">FALSE</spindex><linrefer Sync="TRUE">FALSE</linrefer></esriterm></ptvctinf></spdoinfo><spref><horizsys><cordsysn><geogcsn Sync="TRUE">GCS_WGS_1984</geogcsn></cordsysn><geograph><geogunit Sync="TRUE">Decimal degrees</geogunit><latres Sync="TRUE">0.000000</latres><longres Sync="TRUE">0.000000</longres></geograph><geodetic><horizdn Sync="TRUE">D_WGS_1984</horizdn><ellips Sync="TRUE">WGS_1984</ellips><semiaxis Sync="TRUE">6378137.000000</semiaxis><denflat Sync="TRUE">298.257224</denflat></geodetic></horizsys><vertdef><altsys><altenc Sync="TRUE">Explicit elevation coordinate included with horizontal coordinates</altenc><altres Sync="TRUE">1.000000</altres></altsys></vertdef></spref><refSysInfo><RefSystem><refSysID><identCode Sync="TRUE" code="4326">GCS_WGS_1984</identCode><idCodeSpace Sync="TRUE">EPSG</idCodeSpace><idVersion Sync="TRUE">6.2(3.0.1)</idVersion></refSysID></RefSystem></refSysInfo><spatRepInfo><VectSpatRep><geometObjs Name="ET_Admin0_2023"><geoObjTyp><GeoObjTypCd value="002" Sync="TRUE"></GeoObjTypCd></geoObjTyp><geoObjCnt Sync="TRUE">0</geoObjCnt></geometObjs><topLvl><TopoLevCd value="001" Sync="TRUE"></TopoLevCd></topLvl></VectSpatRep></spatRepInfo><eainfo><detailed Name="ET_Admin0_2023"><enttyp><enttypl Sync="TRUE">ET_Admin0_2023</enttypl><enttypt Sync="TRUE">Feature Class</enttypt><enttypc Sync="TRUE">0</enttypc></enttyp><attr><attrlabl Sync="TRUE">FID</attrlabl><attalias Sync="TRUE">FID</attalias><attrtype Sync="TRUE">OID</attrtype><attwidth Sync="TRUE">4</attwidth><atprecis Sync="TRUE">0</atprecis><attscale Sync="TRUE">0</attscale><attrdef Sync="TRUE">Internal feature number.</attrdef><attrdefs Sync="TRUE">Esri</attrdefs><attrdomv><udom Sync="TRUE">Sequential unique whole numbers that are automatically generated.</udom></attrdomv></attr><attr><attrlabl Sync="TRUE">Shape</attrlabl><attalias Sync="TRUE">Shape</attalias><attrtype Sync="TRUE">Geometry</attrtype><attwidth Sync="TRUE">0</attwidth><atprecis Sync="TRUE">0</atprecis><attscale Sync="TRUE">0</attscale><attrdef Sync="TRUE">Feature geometry.</attrdef><attrdefs Sync="TRUE">ESRI</attrdefs><attrdomv><udom Sync="TRUE">Coordinates defining the features.</udom></attrdomv></attr><attr><attrlabl Sync="TRUE">FNID</attrlabl><attalias Sync="TRUE">FNID</attalias><attrtype Sync="TRUE">String</attrtype><attwidth Sync="TRUE">50</attwidth><atprecis Sync="TRUE">0</atprecis><attscale Sync="TRUE">0</attscale></attr><attr><attrlabl Sync="TRUE">EFF_YEAR</attrlabl><attalias Sync="TRUE">EFF_YEAR</attalias><attrtype Sync="TRUE">String</attrtype><attwidth Sync="TRUE">50</attwidth><atprecis Sync="TRUE">0</atprecis><attscale Sync="TRUE">0</attscale></attr><attr><attrlabl Sync="TRUE">COUNTRY</attrlabl><attalias Sync="TRUE">COUNTRY</attalias><attrtype Sync="TRUE">String</attrtype><attwidth Sync="TRUE">50</attwidth><atprecis Sync="TRUE">0</atprecis><attscale Sync="TRUE">0</attscale></attr><attr><attrlabl Sync="TRUE">ADMIN0</attrlabl><attalias Sync="TRUE">ADMIN0</attalias><attrtype Sync="TRUE">String</attrtype><attwidth Sync="TRUE">50</attwidth><atprecis Sync="TRUE">0</atprecis><attscale Sync="TRUE">0</attscale></attr><attr><attrlabl Sync="TRUE">Shape_Leng</attrlabl><attalias Sync="TRUE">Shape_Leng</attalias><attrtype Sync="TRUE">Double</attrtype><attwidth Sync="TRUE">19</attwidth><atprecis Sync="TRUE">0</atprecis><attscale Sync="TRUE">0</attscale></attr><attr><attrlabl Sync="TRUE">Shape_Area</attrlabl><attalias Sync="TRUE">Shape_Area</attalias><attrtype Sync="TRUE">Double</attrtype><attwidth Sync="TRUE">19</attwidth><atprecis Sync="TRUE">0</atprecis><attscale Sync="TRUE">0</attscale><attrdef Sync="TRUE">Area of feature in internal units squared.</attrdef><attrdefs Sync="TRUE">Esri</attrdefs><attrdomv><udom Sync="TRUE">Positive real numbers that are automatically generated.</udom></attrdomv></attr></detailed></eainfo><mdDateSt Sync="TRUE">20240822</mdDateSt><dataqual><lineage><procstep><procdesc Sync="TRUE">Dataset copied.</procdesc><srcused Sync="TRUE"/><procdate Sync="TRUE">20091228</procdate><proctime Sync="TRUE">15385400</proctime></procstep></lineage></dataqual></metadata>
